,url,date,rawContent,renderedContent,id,user,replyCount,retweetCount,likeCount,quoteCount,conversationId,lang,links,media,retweetedTweet,quotedTweet,inReplyToTweetId,inReplyToUser,mentionedUsers,coordinates,place,hashtags,cashtags,card,viewCount,collected_at,collected_from_id,text,textLinks
0,https://twitter.com/MathieuMlefevre/status/1646787377409540096,2023-04-14 08:08:01,"La haine et les violences anti-riches ne font pas progresser d‚Äôun euro le pouvoir d‚Äôachat des Fran√ßais. Au contraire, soyons fiers de ceux qui r√©ussissent et cessons de niveler nos ambitions collectives et individuelles par le bas. #manif13avril #ReformeDesRetraites https://t.co/5YGYPzSql8","La haine et les violences anti-riches ne font pas progresser d‚Äôun euro le pouvoir d‚Äôachat des Fran√ßais. Au contraire, soyons fiers de ceux qui r√©ussissent et cessons de niveler nos ambitions collectives et individuelles par le bas. #manif13avril #ReformeDesRetraites https://t.co/5YGYPzSql8",1646787377409540096,"{'username': 'MathieuMlefevre', 'id': 1134506407, 'displayname': 'Mathieu Lef√®vre', 'rawDescription': 'D√©put√© de la 5e circonscription du Val de Marne (Bry, Champigny, Nogent, Le Perreux)', 'renderedDescription': 'D√©put√© de la 5e circonscription du Val de Marne (Bry, Champigny, Nogent, Le Perreux)', 'descriptionLinks': None, 'verified': False, 'created': '2013-01-30 16:09:55+00:00', 'followersCount': 5139, 'friendsCount': 1945, 'statusesCount': 1255, 'favouritesCount': 3321, 'listedCount': 90, 'mediaCount': 544, 'location': 'Nogent-sur-Marne, France', 'protected': None, 'link': None, 'profileImageUrl': 'https://pbs.twimg.com/profile_images/1643179573360709632/ww8cDeuW_normal.jpg', 'profileBannerUrl': 'https://pbs.twimg.com/profile_banners/1134506407/1679591531', 'label': None}",529.0,78.0,272.0,55.0,1.64678737740954e+18,fr,,"[{'thumbnailUrl': 'https://pbs.twimg.com/ext_tw_video_thumb/1646787266642161665/pu/img/pqGpz0WKlDuMktJx.jpg', 'variants': [""VideoVariant(url='https://video.twimg.com/ext_tw_video/1646787266642161665/pu/pl/DLw_Jhs_g679Zz6V.m3u8?tag=12&container=fmp4', contentType='application/x-mpegURL', bitrate=None)"", ""VideoVariant(url='https://video.twimg.com/ext_tw_video/1646787266642161665/pu/vid/848x480/3U1Wcsz8Kig2K2SF.mp4?tag=12', contentType='video/mp4', bitrate=2176000)"", ""VideoVariant(url='https://video.twimg.com/ext_tw_video/1646787266642161665/pu/vid/476x270/_qa09YHEMaOjoYu_.mp4?tag=12', contentType='video/mp4', bitrate=256000)"", ""VideoVariant(url='https://video.twimg.com/ext_tw_video/1646787266642161665/pu/vid/636x360/mrnsUjSCexNggDwd.mp4?tag=12', contentType='video/mp4', bitrate=832000)""], 'duration': 45.0, 'views': None, 'altText': None}]",,,,,,"Coordinates(longitude=2.4645902, latitude=48.8266281)","Place(id='6f86d2385ae8ed62', fullName='Nogent-sur-Marne, France', name='Nogent-sur-Marne', type='city', country='France', countryCode='FR')","['manif13avril', 'ReformeDesRetraites']",,,80224.0,2023-10-09 15:37:24.546,1646859565789577218,,
1,https://twitter.com/UdovicicAntoine/status/1646859565789577218,2023-04-14 12:54:52,@MathieuMlefevre Hoo la pauvre voiture √©lectrique elle a eut bobo cram√© par des gens m√©chants ü§£ü§£hey il y a plus important que cette foutue bagnole qui a √† peine cram√© ont s'en fout royalement alors arr√™te de parler de cette bagnole ils ont rien √† dire alors ils bla blate sans int√©r√™t üëΩüôèü§£,@MathieuMlefevre Hoo la pauvre voiture √©lectrique elle a eut bobo cram√© par des gens m√©chants ü§£ü§£hey il y a plus important que cette foutue bagnole qui a √† peine cram√© ont s'en fout royalement alors arr√™te de parler de cette bagnole ils ont rien √† dire alors ils bla blate sans int√©r√™t üëΩüôèü§£,1646859565789577216,"{'username': 'UdovicicAntoine', 'id': 1600591632038039569, 'displayname': 'Antoine Udovicic', 'rawDescription': '', 'renderedDescription': '', 'descriptionLinks': None, 'verified': False, 'created': '2022-12-07 20:43:30+00:00', 'followersCount': 40, 'friendsCount': 47, 'statusesCount': 2352, 'favouritesCount': 1551, 'listedCount': 1, 'mediaCount': 19, 'location': '', 'protected': None, 'link': None, 'profileImageUrl': 'https://pbs.twimg.com/profile_images/1600591857888727048/yk1nEtvr_normal.png', 'profileBannerUrl': None, 'label': None}",0.0,0.0,0.0,0.0,1.64678737740954e+18,fr,,,,,1646787377409540096,https://twitter.com/MathieuMlefevre,['https://twitter.com/MathieuMlefevre'],,,,,,7.0,2023-10-09 15:37:24.546,1646859565789577218,,
2,https://twitter.com/p_duval/status/1646894398196654089,2023-04-14 15:13:17,"@MathieuMlefevre Alors que la haine anti-pauvres est beaucoup plus acceptable.
Soyons fiers de ceux qui r√©ussisent et m√©prisons les autres. Bonne d√©finition de la macronie.","@MathieuMlefevre Alors que la haine anti-pauvres est beaucoup plus acceptable.
Soyons fiers de ceux qui r√©ussisent et m√©prisons les autres. Bonne d√©finition de la macronie.",1646894398196654080,"{'username': 'p_duval', 'id': 367916454, 'displayname': 'Duval Philippe', 'rawDescription': ""Pour la libert√© d'expression et le droit de ne pas √™tre d'accord."", 'renderedDescription': ""Pour la libert√© d'expression et le droit de ne pas √™tre d'accord."", 'descriptionLinks': None, 'verified': False, 'created': '2011-09-04 19:40:36+00:00', 'followersCount': 97864, 'friendsCount': 14404, 'statusesCount': 31442, 'favouritesCount': 55381, 'listedCount': 222, 'mediaCount': 3772, 'location': '', 'protected': None, 'link': None, 'profileImageUrl': 'https://pbs.twimg.com/profile_images/1708400609601212416/PYxAuVLf_normal.png', 'profileBannerUrl': 'https://pbs.twimg.com/profile_banners/367916454/1660821292', 'label': None}",3.0,12.0,220.0,0.0,1.64678737740954e+18,fr,,,,,1646787377409540096,https://twitter.com/MathieuMlefevre,['https://twitter.com/MathieuMlefevre'],,,,,,2422.0,2023-10-09 15:37:25.190,1646859565789577218,,
3,https://twitter.com/realmarcel1/status/1646870214196207618,2023-04-14 13:37:11,@MathieuMlefevre Cessez de niveler nos salaires par le bas et on discute.,@MathieuMlefevre Cessez de niveler nos salaires par le bas et on discute.,1646870214196207616,"{'username': 'realmarcel1', 'id': 1347928939461804035, 'displayname': 'Marcel', 'rawDescription': '8√®me compte de Marcel Aiphan. L‚Äôordre ne m‚Äôaime pas donc je m‚Äôadapte. Ami, si tu tombes un ami sort de l‚Äôombre √† ta place...', 'renderedDescription': '8√®me compte de Marcel Aiphan. L‚Äôordre ne m‚Äôaime pas donc je m‚Äôadapte. Ami, si tu tombes un ami sort de l‚Äôombre √† ta place...', 'descriptionLinks': None, 'verified': False, 'created': '2021-01-09 15:31:33+00:00', 'followersCount': 95062, 'friendsCount': 4151, 'statusesCount': 28185, 'favouritesCount': 46647, 'listedCount': 399, 'mediaCount': 16445, 'location': '', 'protected': None, 'link': None, 'profileImageUrl': 'https://pbs.twimg.com/profile_images/1347929095036874752/LkZqOPgC_normal.jpg', 'profileBannerUrl': 'https://pbs.twimg.com/profile_banners/1347928939461804035/1610206458', 'label': None}",3.0,26.0,685.0,0.0,1.64678737740954e+18,fr,,,,,1646787377409540096,https://twitter.com/MathieuMlefevre,['https://twitter.com/MathieuMlefevre'],,,,,,10042.0,2023-10-09 15:37:25.191,1646859565789577218,,
4,https://twitter.com/ataraxie66/status/1646881823304085504,2023-04-14 14:23:18,"@MathieuMlefevre Rien n 'est plus dangereux qu'un mec qui n'a plus rien √† perdre, rien n'est plus minable qu'une faignasse de bourgeois qui prend de haut celui qui l'entretient par son travail, m√©dite √ßa.","@MathieuMlefevre Rien n 'est plus dangereux qu'un mec qui n'a plus rien √† perdre, rien n'est plus minable qu'une faignasse de bourgeois qui prend de haut celui qui l'entretient par son travail, m√©dite √ßa.",1646881823304085504,"{'username': 'ataraxie66', 'id': 793791054, 'displayname': 'KŒ±el & K-psule üßπ(66)', 'rawDescription': 'Ici Kael. Alternatif Roots-Reggae #SuiviResistant #Shadowban Actifs en asso üá´üá∑#LutteContreLaFaim #CancerP√©diatrique #Animal bienvenue √† tous sauf Rennaissance', 'renderedDescription': 'Ici Kael. Alternatif Roots-Reggae #SuiviResistant #Shadowban Actifs en asso üá´üá∑#LutteContreLaFaim #CancerP√©diatrique #Animal bienvenue √† tous sauf Rennaissance', 'descriptionLinks': None, 'verified': False, 'created': '2012-08-31 12:48:33+00:00', 'followersCount': 6914, 'friendsCount': 5773, 'statusesCount': 54304, 'favouritesCount': 64702, 'listedCount': 4, 'mediaCount': 4953, 'location': 'kaeletkpsule@protonmail.com', 'protected': None, 'link': ""TextLink(text='youtube.com/channel/UC2diD‚Ä¶', url='https://www.youtube.com/channel/UC2diDdzBPIg34NXGMGVsPYw', tcourl='https://t.co/ADsbleJEbA', indices=(0, 23))"", 'profileImageUrl': 'https://pbs.twimg.com/profile_images/1641070181542764545/2Y_bsU6V_normal.jpg', 'profileBannerUrl': 'https://pbs.twimg.com/profile_banners/793791054/1656687388', 'label': None}",0.0,0.0,3.0,0.0,1.64678737740954e+18,fr,,,,,1646787377409540096,https://twitter.com/MathieuMlefevre,['https://twitter.com/MathieuMlefevre'],,,,,,29.0,2023-10-09 15:37:25.191,1646859565789577218,,
5,https://twitter.com/jmt_musique/status/1646864943394824195,2023-04-14 13:16:14,"@MathieuMlefevre #macronDestitution #BlocageDuPays #NonALaReformeDesRetraites #DarmaninDemission #ViolencesPoliceres #grevegenerale #macronordure

Oui Monsieur, soyons fiers de nos √©vad√©s fiscaux ! https://t.co/MNTxvRAEy0","@MathieuMlefevre #macronDestitution #BlocageDuPays #NonALaReformeDesRetraites #DarmaninDemission #ViolencesPoliceres #grevegenerale #macronordure

Oui Monsieur, soyons fiers de nos √©vad√©s fiscaux ! https://t.co/MNTxvRAEy0",1646864943394824192,"{'username': 'jmt_musique', 'id': 793159800125349888, 'displayname': 'Jean-Marc Toillon ‚èö', 'rawDescription': ""J'aime le d√©bat, m√™me (et surtout) si l'on est pas d'accord.\nJe bloque l'agressivit√©, les insultes et les grossi√®ret√©s."", 'renderedDescription': ""J'aime le d√©bat, m√™me (et surtout) si l'on est pas d'accord.\nJe bloque l'agressivit√©, les insultes et les grossi√®ret√©s."", 'descriptionLinks': None, 'verified': False, 'created': '2016-10-31 18:36:47+00:00', 'followersCount': 426, 'friendsCount': 308, 'statusesCount': 20687, 'favouritesCount': 73191, 'listedCount': 18, 'mediaCount': 1057, 'location': '', 'protected': None, 'link': ""TextLink(text='jmt-musique.com', url='https://jmt-musique.com', tcourl='https://t.co/kZEQAoTGbr', indices=(0, 23))"", 'profileImageUrl': 'https://pbs.twimg.com/profile_images/1622568502077886465/JE1Tyg-Z_normal.jpg', 'profileBannerUrl': 'https://pbs.twimg.com/profile_banners/793159800125349888/1477943546', 'label': None}",0.0,0.0,0.0,0.0,1.64678737740954e+18,fr,,"[{'previewUrl': 'https://pbs.twimg.com/media/FtrWxR3XoAElFsX?format=png&name=small', 'fullUrl': 'https://pbs.twimg.com/media/FtrWxR3XoAElFsX?format=png&name=orig', 'altText': None}]",,,1646787377409540096,https://twitter.com/MathieuMlefevre,['https://twitter.com/MathieuMlefevre'],,,"['macronDestitution', 'BlocageDuPays', 'NonALaReformeDesRetraites', 'DarmaninDemission', 'ViolencesPoliceres', 'grevegenerale', 'macronordure']",,,10.0,2023-10-09 15:37:25.192,1646859565789577218,,
6,https://twitter.com/sale_gose/status/1646877399219355648,2023-04-14 14:05:44,@MathieuMlefevre https://t.co/hb4zBePjGQ,@MathieuMlefevre https://t.co/hb4zBePjGQ,1646877399219355648,"{'username': 'sale_gose', 'id': 1517875511019683841, 'displayname': 'SaleGosse¬©Ô∏è', 'rawDescription': 'Les enfants grandissent, m√™me sans parents.\nProverbe Japonais .', 'renderedDescription': 'Les enfants grandissent, m√™me sans parents.\nProverbe Japonais .', 'descriptionLinks': None, 'verified': False, 'created': '2022-04-23 14:39:24+00:00', 'followersCount': 7420, 'friendsCount': 4617, 'statusesCount': 80620, 'favouritesCount': 213375, 'listedCount': 14, 'mediaCount': 9874, 'location': '', 'protected': None, 'link': None, 'profileImageUrl': 'https://pbs.twimg.com/profile_images/1698644006614245376/3BRUE76N_normal.jpg', 'profileBannerUrl': 'https://pbs.twimg.com/profile_banners/1517875511019683841/1692360034', 'label': None}",1.0,0.0,3.0,0.0,1.64678737740954e+18,qme,,"[{'thumbnailUrl': 'https://pbs.twimg.com/ext_tw_video_thumb/1646877369683116035/pu/img/44EvFqInZXvaNg_u.jpg', 'variants': [""VideoVariant(url='https://video.twimg.com/ext_tw_video/1646877369683116035/pu/vid/360x270/3HOoXGESYekvcof7.mp4?tag=12', contentType='video/mp4', bitrate=256000)"", ""VideoVariant(url='https://video.twimg.com/ext_tw_video/1646877369683116035/pu/pl/VYuus2G_GGH1SovY.m3u8?tag=12&container=fmp4', contentType='application/x-mpegURL', bitrate=None)"", ""VideoVariant(url='https://video.twimg.com/ext_tw_video/1646877369683116035/pu/vid/960x720/EII7bAVut5GqPGU-.mp4?tag=12', contentType='video/mp4', bitrate=2176000)"", ""VideoVariant(url='https://video.twimg.com/ext_tw_video/1646877369683116035/pu/vid/480x360/r3V52xTm525BiXwD.mp4?tag=12', contentType='video/mp4', bitrate=832000)""], 'duration': 5.619, 'views': None, 'altText': None}]",,,1646787377409540096,https://twitter.com/MathieuMlefevre,['https://twitter.com/MathieuMlefevre'],,,,,,51.0,2023-10-09 15:37:25.193,1646859565789577218,,
7,https://twitter.com/FlorianMorget/status/1647147064822734848,2023-04-15 07:57:17,@MathieuMlefevre Au contraire il faut la renforcer avec la conscience de classe du prol√©tariat contre la bourgeoisie que vous servez !,@MathieuMlefevre Au contraire il faut la renforcer avec la conscience de classe du prol√©tariat contre la bourgeoisie que vous servez !,1647147064822734848,"{'username': 'FlorianMorget', 'id': 861635401, 'displayname': 'Florian Morget | PCRF | CGT | AAFC', 'rawDescription': 'Parti Communiste R√©volutionnaire de France - Ari√®ge | Conf√©d√©ration G√©n√©rale du Travail | Association d‚ÄôAmiti√© Franco-Cor√©enne', 'renderedDescription': 'Parti Communiste R√©volutionnaire de France - Ari√®ge | Conf√©d√©ration G√©n√©rale du Travail | Association d‚ÄôAmiti√© Franco-Cor√©enne', 'descriptionLinks': None, 'verified': False, 'created': '2012-10-04 16:04:56+00:00', 'followersCount': 193, 'friendsCount': 789, 'statusesCount': 477, 'favouritesCount': 1845, 'listedCount': 2, 'mediaCount': 101, 'location': 'France', 'protected': None, 'link': ""TextLink(text='pcrf-ic.fr', url='https://www.pcrf-ic.fr/', tcourl='https://t.co/6q1IVfVCTZ', indices=(0, 23))"", 'profileImageUrl': 'https://pbs.twimg.com/profile_images/1707165425165832192/hBOJKe0M_normal.jpg', 'profileBannerUrl': 'https://pbs.twimg.com/profile_banners/861635401/1689433760', 'label': None}",0.0,0.0,0.0,0.0,1.64678737740954e+18,fr,,,,,1646787377409540096,https://twitter.com/MathieuMlefevre,['https://twitter.com/MathieuMlefevre'],,,,,,4.0,2023-10-09 15:37:25.193,1646859565789577218,,
8,https://twitter.com/ZaraA/status/1646856653864566784,2023-04-14 12:43:18,@MathieuMlefevre Look @elonmusk,@MathieuMlefevre Look @elonmusk,1646856653864566784,"{'username': 'ZaraA', 'id': 7031872, 'displayname': 'Emmanuel Torregano', 'rawDescription': 'ElectronLibre/ 12J', 'renderedDescription': 'ElectronLibre/ 12J', 'descriptionLinks': None, 'verified': False, 'created': '2007-06-23 11:40:06+00:00', 'followersCount': 9659, 'friendsCount': 1075, 'statusesCount': 364435, 'favouritesCount': 451, 'listedCount': 460, 'mediaCount': 4724, 'location': 'paris', 'protected': None, 'link': ""TextLink(text='ElectronLibre.info', url='http://ElectronLibre.info', tcourl='https://t.co/pydTfaeaOT', indices=(0, 23))"", 'profileImageUrl': 'https://pbs.twimg.com/profile_images/951828236798971904/8rm5TMmd_normal.jpg', 'profileBannerUrl': 'https://pbs.twimg.com/profile_banners/7031872/1690362795', 'label': None}",0.0,0.0,0.0,0.0,1.64678737740954e+18,en,,,,,1646787377409540096,https://twitter.com/MathieuMlefevre,"['https://twitter.com/MathieuMlefevre', 'https://twitter.com/elonmusk']",,,,,,143.0,2023-10-09 15:37:25.194,1646859565789577218,,
9,https://twitter.com/YannLeva/status/1646860616752087040,2023-04-14 12:59:02,@MathieuMlefevre Les actions anti cons plut√¥t.,@MathieuMlefevre Les actions anti cons plut√¥t.,1646860616752087040,"{'username': 'YannLeva', 'id': 1443238106237440001, 'displayname': 'Leyas Yannick üá®üáµ', 'rawDescription': ""la libert√© est l'absence de contrainte. \ndipl√¥m√© de l'universit√© de Nantes, \nAntiquaire, carri√®re s√ªret√© et s√©curit√©\nr√©f√©rent Comit√© de salut du peuple CSP 215."", 'renderedDescription': ""la libert√© est l'absence de contrainte. \ndipl√¥m√© de l'universit√© de Nantes, \nAntiquaire, carri√®re s√ªret√© et s√©curit√©\nr√©f√©rent Comit√© de salut du peuple CSP 215."", 'descriptionLinks': None, 'verified': False, 'created': '2021-09-29 15:36:04+00:00', 'followersCount': 1361, 'friendsCount': 2330, 'statusesCount': 26777, 'favouritesCount': 27779, 'listedCount': 0, 'mediaCount': 1351, 'location': 'Loire-Atlantique, Pays de la L', 'protected': None, 'link': None, 'profileImageUrl': 'https://pbs.twimg.com/profile_images/1498575367761760259/p8eC5FBz_normal.jpg', 'profileBannerUrl': 'https://pbs.twimg.com/profile_banners/1443238106237440001/1661884671', 'label': None}",0.0,0.0,0.0,0.0,1.64678737740954e+18,fr,,,,,1646787377409540096,https://twitter.com/MathieuMlefevre,['https://twitter.com/MathieuMlefevre'],,,,,,11.0,2023-10-09 15:37:25.194,1646859565789577218,,
10,https://twitter.com/IImpopulaire/status/1646795944942338048,2023-04-14 08:42:03,"@MathieuMlefevre Il y a pas de violence polici√®re, il n‚Äôy a pas de violence en manifestation https://t.co/Cuvrr1bqr1","@MathieuMlefevre Il y a pas de violence polici√®re, il n‚Äôy a pas de violence en manifestation https://t.co/Cuvrr1bqr1",1646795944942338048,"{'username': 'IImpopulaire', 'id': 1102180378398343169, 'displayname': 'Impopulaireüß©', 'rawDescription': 'Utopiste', 'renderedDescription': 'Utopiste', 'descriptionLinks': None, 'verified': False, 'created': '2019-03-03 12:14:14+00:00', 'followersCount': 253, 'friendsCount': 1836, 'statusesCount': 63137, 'favouritesCount': 96050, 'listedCount': 6, 'mediaCount': 8240, 'location': '', 'protected': None, 'link': None, 'profileImageUrl': 'https://pbs.twimg.com/profile_images/1124371677637431296/r4F-12t__normal.jpg', 'profileBannerUrl': 'https://pbs.twimg.com/profile_banners/1102180378398343169/1676381625', 'label': None}",0.0,0.0,4.0,0.0,1.64678737740954e+18,fr,,"[{'thumbnailUrl': 'https://pbs.twimg.com/tweet_video_thumb/FtqYLfTXwAgbQRa.jpg', 'variants': [""VideoVariant(url='https://video.twimg.com/tweet_video/FtqYLfTXwAgbQRa.mp4', contentType='video/mp4', bitrate=0)""], 'altText': None}]",,,1646787377409540096,https://twitter.com/MathieuMlefevre,['https://twitter.com/MathieuMlefevre'],,,,,,136.0,2023-10-09 15:37:25.194,1646859565789577218,,
11,https://twitter.com/Desides44665067/status/1646872518953713668,2023-04-14 13:46:20,@MathieuMlefevre Aujourd‚Äôhui faut faire parti de macron pour devenir riche ou √©tranger !,@MathieuMlefevre Aujourd‚Äôhui faut faire parti de macron pour devenir riche ou √©tranger !,1646872518953713664,"{'username': 'Desides44665067', 'id': 1357962091437654022, 'displayname': 'Des id√©es', 'rawDescription': 'Comme le golden retriever je la ram√®ne quand on m‚Äôenvoie une connerie', 'renderedDescription': 'Comme le golden retriever je la ram√®ne quand on m‚Äôenvoie une connerie', 'descriptionLinks': None, 'verified': False, 'created': '2021-02-06 07:59:47+00:00', 'followersCount': 374, 'friendsCount': 739, 'statusesCount': 40108, 'favouritesCount': 24870, 'listedCount': 4, 'mediaCount': 949, 'location': '', 'protected': None, 'link': None, 'profileImageUrl': 'https://pbs.twimg.com/profile_images/1695475289592115200/QR--XaQG_normal.jpg', 'profileBannerUrl': None, 'label': None}",0.0,0.0,0.0,0.0,1.64678737740954e+18,fr,,,,,1646787377409540096,https://twitter.com/MathieuMlefevre,['https://twitter.com/MathieuMlefevre'],,,,,,8.0,2023-10-09 15:37:25.195,1646859565789577218,,
12,https://twitter.com/Vasypolo/status/1646859361866727424,2023-04-14 12:54:03,@MathieuMlefevre Fallait pas nous vendre le ruissellement qui ne ruisselle pas https://t.co/dnZsidXu8e,@MathieuMlefevre Fallait pas nous vendre le ruissellement qui ne ruisselle pas https://t.co/dnZsidXu8e,1646859361866727424,"{'username': 'Vasypolo', 'id': 570287928, 'displayname': 'PasContent', 'rawDescription': '', 'renderedDescription': '', 'descriptionLinks': None, 'verified': False, 'created': '2012-05-03 19:01:23+00:00', 'followersCount': 518, 'friendsCount': 483, 'statusesCount': 15236, 'favouritesCount': 18513, 'listedCount': 3, 'mediaCount': 1719, 'location': 'Paris, France', 'protected': None, 'link': None, 'profileImageUrl': 'https://pbs.twimg.com/profile_images/1659500990117163008/dtWVMexE_normal.jpg', 'profileBannerUrl': 'https://pbs.twimg.com/profile_banners/570287928/1640563253', 'label': None}",0.0,3.0,11.0,0.0,1.64678737740954e+18,fr,,"[{'previewUrl': 'https://pbs.twimg.com/media/FtrR3C6WIAMObzC?format=jpg&name=small', 'fullUrl': 'https://pbs.twimg.com/media/FtrR3C6WIAMObzC?format=jpg&name=orig', 'altText': None}]",,,1646787377409540096,https://twitter.com/MathieuMlefevre,['https://twitter.com/MathieuMlefevre'],,,,,,65.0,2023-10-09 15:37:25.994,1646859565789577218,,
13,https://twitter.com/Dromardche1/status/1646918497073520640,2023-04-14 16:49:02,"@MathieuMlefevre La haine et les violences anti-pauvres ne font qu‚Äôaccentuer les in√©galit√©s sociales et la catastrophe √©cologique. Votre ambition collective, c‚Äôest de nous faire travailler jusqu‚Äô√† la mort, c‚Äôest de faire des m√©ga-bassines pour le profit de l‚Äôagro-industrie et privatiser l‚Äôeau !","@MathieuMlefevre La haine et les violences anti-pauvres ne font qu‚Äôaccentuer les in√©galit√©s sociales et la catastrophe √©cologique. Votre ambition collective, c‚Äôest de nous faire travailler jusqu‚Äô√† la mort, c‚Äôest de faire des m√©ga-bassines pour le profit de l‚Äôagro-industrie et privatiser l‚Äôeau !",1646918497073520640,"{'username': 'Dromardche1', 'id': 1072591284869718016, 'displayname': 'Dromard√®che', 'rawDescription': '¬´ La dignit√© d‚Äôun homme seul, √ßa ne s‚Äôaper√ßoit pas. La dignit√© de mille hommes, √ßa prend une allure de combat. ¬ª Ren√© Char üîªüê¢ üßπ', 'renderedDescription': '¬´ La dignit√© d‚Äôun homme seul, √ßa ne s‚Äôaper√ßoit pas. La dignit√© de mille hommes, √ßa prend une allure de combat. ¬ª Ren√© Char üîªüê¢ üßπ', 'descriptionLinks': None, 'verified': False, 'created': '2018-12-11 20:37:44+00:00', 'followersCount': 1845, 'friendsCount': 3495, 'statusesCount': 15242, 'favouritesCount': 36043, 'listedCount': 0, 'mediaCount': 114, 'location': 'BLV', 'protected': None, 'link': None, 'profileImageUrl': 'https://pbs.twimg.com/profile_images/1583420321478197249/n1r38pLQ_normal.jpg', 'profileBannerUrl': 'https://pbs.twimg.com/profile_banners/1072591284869718016/1680809349', 'label': None}",1.0,0.0,1.0,0.0,1.64678737740954e+18,fr,,,,,1646787377409540096,https://twitter.com/MathieuMlefevre,['https://twitter.com/MathieuMlefevre'],,,,,,29.0,2023-10-09 15:37:25.995,1646859565789577218,,
14,https://twitter.com/RJoannesse/status/1646930557027356672,2023-04-14 17:36:57,"@MathieuMlefevre r√©tablissons le travail des enfants , la semaine de 48h parce que vous comprenez les riches le veulent","@MathieuMlefevre r√©tablissons le travail des enfants , la semaine de 48h parce que vous comprenez les riches le veulent",1646930557027356672,"{'username': 'RJoannesse', 'id': 3177434541, 'displayname': 'Raymond JOANNESSE', 'rawDescription': 'Fin de mois, fin du monde ,m√™me combat Penser global, agir local #ATDQM #ArtisansduMonde #jazz', 'renderedDescription': 'Fin de mois, fin du monde ,m√™me combat Penser global, agir local #ATDQM #ArtisansduMonde #jazz', 'descriptionLinks': None, 'verified': False, 'created': '2015-04-17 17:37:02+00:00', 'followersCount': 812, 'friendsCount': 698, 'statusesCount': 37685, 'favouritesCount': 30353, 'listedCount': 76, 'mediaCount': 857, 'location': 'Reims', 'protected': None, 'link': None, 'profileImageUrl': 'https://pbs.twimg.com/profile_images/1492446579705495555/GPUqPr0Z_normal.jpg', 'profileBannerUrl': 'https://pbs.twimg.com/profile_banners/3177434541/1584523897', 'label': None}",0.0,0.0,1.0,0.0,1.64678737740954e+18,fr,,,,,1646787377409540096,https://twitter.com/MathieuMlefevre,['https://twitter.com/MathieuMlefevre'],,,,,,22.0,2023-10-09 15:37:25.995,1646859565789577218,,
15,https://twitter.com/VPrunier/status/1646855290397028354,2023-04-14 12:37:52,@MathieuMlefevre T‚Äôes un √¢ne Mathieu. https://t.co/NTy9UlVPoO,@MathieuMlefevre T‚Äôes un √¢ne Mathieu. https://t.co/NTy9UlVPoO,1646855290397028352,"{'username': 'VPrunier', 'id': 624047208, 'displayname': 'Vanessa Edelweiss', 'rawDescription': ""Libre, enti√®rement libre d‚Äô√™tre Moi. Je suis HPI. C‚Äôest grave docteur ?! Mon 1-2-9 existe-t-il ? /La vraie libert√© c'est de pouvoir toute chose sur soi."", 'renderedDescription': ""Libre, enti√®rement libre d‚Äô√™tre Moi. Je suis HPI. C‚Äôest grave docteur ?! Mon 1-2-9 existe-t-il ? /La vraie libert√© c'est de pouvoir toute chose sur soi."", 'descriptionLinks': None, 'verified': False, 'created': '2012-07-01 18:17:03+00:00', 'followersCount': 1036, 'friendsCount': 1080, 'statusesCount': 51861, 'favouritesCount': 25606, 'listedCount': 7, 'mediaCount': 3828, 'location': '#NonAuPassVaccinal', 'protected': None, 'link': None, 'profileImageUrl': 'https://pbs.twimg.com/profile_images/1663560815600099330/-Dc4ZyYO_normal.jpg', 'profileBannerUrl': 'https://pbs.twimg.com/profile_banners/624047208/1675323487', 'label': None}",0.0,0.0,4.0,0.0,1.64678737740954e+18,fr,,"[{'previewUrl': 'https://pbs.twimg.com/media/FtrOEE5XwAEK4jh?format=jpg&name=small', 'fullUrl': 'https://pbs.twimg.com/media/FtrOEE5XwAEK4jh?format=jpg&name=orig', 'altText': None}, {'previewUrl': 'https://pbs.twimg.com/media/FtrOEE8XoAAj7it?format=jpg&name=small', 'fullUrl': 'https://pbs.twimg.com/media/FtrOEE8XoAAj7it?format=jpg&name=orig', 'altText': None}, {'previewUrl': 'https://pbs.twimg.com/media/FtrOEEcXwAcH7mo?format=jpg&name=small', 'fullUrl': 'https://pbs.twimg.com/media/FtrOEEcXwAcH7mo?format=jpg&name=orig', 'altText': None}, {'previewUrl': 'https://pbs.twimg.com/media/FtrOEEpXgAADBPR?format=jpg&name=small', 'fullUrl': 'https://pbs.twimg.com/media/FtrOEEpXgAADBPR?format=jpg&name=orig', 'altText': None}]",,,1646787377409540096,https://twitter.com/MathieuMlefevre,['https://twitter.com/MathieuMlefevre'],,,,,,44.0,2023-10-09 15:37:25.996,1646859565789577218,,
16,https://twitter.com/ThydeThyde/status/1647016747495456770,2023-04-14 23:19:27,"@MathieuMlefevre &gt; La haine et les violences anti-riches
&gt; ne font pas progresser d‚Äôun euro
&gt; le pouvoir d‚Äôachat des Fran√ßais

Tu crois vraiment que les gens qui crament leur bagnole esp√®rent qu'ils vont toucher une prime pour √ßa ?

J'esp√®re pour toi que tu sais que tu racontes n'importe quoi","@MathieuMlefevre &gt; La haine et les violences anti-riches
&gt; ne font pas progresser d‚Äôun euro
&gt; le pouvoir d‚Äôachat des Fran√ßais

Tu crois vraiment que les gens qui crament leur bagnole esp√®rent qu'ils vont toucher une prime pour √ßa ?

J'esp√®re pour toi que tu sais que tu racontes n'importe quoi",1647016747495456768,"{'username': 'ThydeThyde', 'id': 1426810891513864197, 'displayname': 'Thyde, la Karen extr√™me wokiste venu du Toxistan', 'rawDescription': 'Justicier clavicole qui harc√®le les z√©t avec ses yeux lasers et d√©shumanise les tokens.\n\nIl para√Æt que cela veut dire qqch', 'renderedDescription': 'Justicier clavicole qui harc√®le les z√©t avec ses yeux lasers et d√©shumanise les tokens.\n\nIl para√Æt que cela veut dire qqch', 'descriptionLinks': None, 'verified': False, 'created': '2021-08-15 07:40:14+00:00', 'followersCount': 264, 'friendsCount': 110, 'statusesCount': 24457, 'favouritesCount': 360, 'listedCount': 5, 'mediaCount': 6358, 'location': '', 'protected': None, 'link': None, 'profileImageUrl': 'https://pbs.twimg.com/profile_images/1430904962305855488/qUwq8ZYP_normal.jpg', 'profileBannerUrl': 'https://pbs.twimg.com/profile_banners/1426810891513864197/1672178928', 'label': None}",1.0,0.0,1.0,0.0,1.64678737740954e+18,fr,,,,,1646787377409540096,https://twitter.com/MathieuMlefevre,['https://twitter.com/MathieuMlefevre'],,,,,,27.0,2023-10-09 15:37:25.996,1646859565789577218,,
17,https://twitter.com/WW_volk/status/1646804107120853000,2023-04-14 09:14:29,"@MathieuMlefevre Ahahaha
Soyons fiers
https://t.co/kDwh6EErJh","@MathieuMlefevre Ahahaha
Soyons fiers
streetpress.com/sujet/16811996‚Ä¶",1646804107120852992,"{'username': 'WW_volk', 'id': 808967510813016066, 'displayname': 'Wolk', 'rawDescription': '', 'renderedDescription': '', 'descriptionLinks': None, 'verified': False, 'created': '2016-12-14 09:30:59+00:00', 'followersCount': 315, 'friendsCount': 722, 'statusesCount': 25349, 'favouritesCount': 60618, 'listedCount': 2, 'mediaCount': 2116, 'location': '', 'protected': None, 'link': None, 'profileImageUrl': 'https://pbs.twimg.com/profile_images/1513254521299943427/xqvA9s6O_normal.jpg', 'profileBannerUrl': 'https://pbs.twimg.com/profile_banners/808967510813016066/1561618926', 'label': None}",1.0,0.0,2.0,0.0,1.64678737740954e+18,fr,"[""TextLink(text='streetpress.com/sujet/16811996‚Ä¶', url='https://www.streetpress.com/sujet/1681199665-drahi-fait-semblant-quitter-femme-fiscalite', tcourl='https://t.co/kDwh6EErJh', indices=(38, 61))""]",,,,1646787377409540096,https://twitter.com/MathieuMlefevre,['https://twitter.com/MathieuMlefevre'],,,,,"SummaryCard(title=""Pour payer moins d'imp√¥ts, Patrick Drahi a fait semblant de quitter sa femme"", url='https://www.streetpress.com/sujet/1681199665-drahi-fait-semblant-quitter-femme-fiscalite', description=""En 2005, les Drahi annoncent aux services fiscaux leur rupture. Depuis, chacun a son domicile et sa fiche d'imp√¥t. Mais le fisc genevois flaire l‚Äôarnaque et leur r√©clame 7,5 milliards d'imp√¥ts et..."", thumbnailUrl='https://pbs.twimg.com/card_img/1709489936980725761/gJAl5Fya?format=jpg&name=orig', siteUser=User(username='streetpress', id=16031039, displayname='StreetPress', rawDescription=""üó®Ô∏è Des histoires, des enqu√™tes et de l'impact. \n\n‚¨áÔ∏è Soutenez notre travail en faisant un don"", renderedDescription=""üó®Ô∏è Des histoires, des enqu√™tes et de l'impact. \n\n‚¨áÔ∏è Soutenez notre travail en faisant un don"", descriptionLinks=None, verified=False, created=datetime.datetime(2008, 8, 28, 19, 0, 8, tzinfo=datetime.timezone.utc), followersCount=77721, friendsCount=903, statusesCount=29465, favouritesCount=3399, listedCount=909, mediaCount=6142, location='Paris', protected=None, link=TextLink(text='streetpress.com/soutenir', url='https://www.streetpress.com/soutenir', tcourl='https://t.co/Qo6d3iv9vL', indices=(0, 23)), profileImageUrl='https://pbs.twimg.com/profile_images/1112750519783747584/C3BMliii_normal.png', profileBannerUrl='https://pbs.twimg.com/profile_banners/16031039/1670937281', label=None), creatorUser=User(username='streetpress', id=16031039, displayname='StreetPress', rawDescription=""üó®Ô∏è Des histoires, des enqu√™tes et de l'impact. \n\n‚¨áÔ∏è Soutenez notre travail en faisant un don"", renderedDescription=""üó®Ô∏è Des histoires, des enqu√™tes et de l'impact. \n\n‚¨áÔ∏è Soutenez notre travail en faisant un don"", descriptionLinks=None, verified=False, created=datetime.datetime(2008, 8, 28, 19, 0, 8, tzinfo=datetime.timezone.utc), followersCount=77721, friendsCount=903, statusesCount=29465, favouritesCount=3399, listedCount=909, mediaCount=6142, location='Paris', protected=None, link=TextLink(text='streetpress.com/soutenir', url='https://www.streetpress.com/soutenir', tcourl='https://t.co/Qo6d3iv9vL', indices=(0, 23)), profileImageUrl='https://pbs.twimg.com/profile_images/1112750519783747584/C3BMliii_normal.png', profileBannerUrl='https://pbs.twimg.com/profile_banners/16031039/1670937281', label=None))",128.0,2023-10-09 15:37:25.997,1646859565789577218,,
18,https://twitter.com/JoLaTorche/status/1646857530960650241,2023-04-14 12:46:47,@MathieuMlefevre Discours typique de bourgeois qui oublie trop souvent que c'est bel et bien les employ√©s qui sont les vrais cr√©ateurs de richesses l√† o√π les riches patrons ne sont que des parasites qui s'accaparent ce que nous avons produit. Et vous voulez qu'on travaille 2 ans de plus LOL,@MathieuMlefevre Discours typique de bourgeois qui oublie trop souvent que c'est bel et bien les employ√©s qui sont les vrais cr√©ateurs de richesses l√† o√π les riches patrons ne sont que des parasites qui s'accaparent ce que nous avons produit. Et vous voulez qu'on travaille 2 ans de plus LOL,1646857530960650240,"{'username': 'JoLaTorche', 'id': 1433827261791281162, 'displayname': 'Mr J', 'rawDescription': 'Mon but dans la vie : √™tre heureux\nMon but sur twitter : rire en me payant la t√™te des droitos ü§≠ü§£', 'renderedDescription': 'Mon but dans la vie : √™tre heureux\nMon but sur twitter : rire en me payant la t√™te des droitos ü§≠ü§£', 'descriptionLinks': None, 'verified': False, 'created': '2021-09-03 16:20:46+00:00', 'followersCount': 295, 'friendsCount': 251, 'statusesCount': 4664, 'favouritesCount': 2823, 'listedCount': 2, 'mediaCount': 373, 'location': '', 'protected': None, 'link': None, 'profileImageUrl': 'https://pbs.twimg.com/profile_images/1555631091242901504/oR-OkTHI_normal.jpg', 'profileBannerUrl': 'https://pbs.twimg.com/profile_banners/1433827261791281162/1659727320', 'label': None}",0.0,0.0,6.0,0.0,1.64678737740954e+18,fr,,,,,1646787377409540096,https://twitter.com/MathieuMlefevre,['https://twitter.com/MathieuMlefevre'],,,,,,94.0,2023-10-09 15:37:25.998,1646859565789577218,,
19,https://twitter.com/jamais_sa/status/1646798863209046016,2023-04-14 08:53:39,@MathieuMlefevre Un homme tr√®s riche vivant √† Monaco. A dit ceci.  A mon niveau je connais personne qui gagne son argent honn√™tement. A bon entendeur. Pour info. Bollor√© sous l‚Äô≈ìil de  la justice. Aller voir l‚Äôarticle sorti sur ses d√©rives de milliardaires.  Bonne lecture.,@MathieuMlefevre Un homme tr√®s riche vivant √† Monaco. A dit ceci.  A mon niveau je connais personne qui gagne son argent honn√™tement. A bon entendeur. Pour info. Bollor√© sous l‚Äô≈ìil de  la justice. Aller voir l‚Äôarticle sorti sur ses d√©rives de milliardaires.  Bonne lecture.,1646798863209046016,"{'username': 'jamais_sa', 'id': 1557480363123003392, 'displayname': 'Plus jamais √ßa!!', 'rawDescription': 'Il y a de l‚Äôor dans les rivi√®res je le sens un diamant au milieu des pierres qui m‚Äôattends. Peut √™tre un ange sur terre et j‚Äôai toujours un r√™ve √† faire.', 'renderedDescription': 'Il y a de l‚Äôor dans les rivi√®res je le sens un diamant au milieu des pierres qui m‚Äôattends. Peut √™tre un ange sur terre et j‚Äôai toujours un r√™ve √† faire.', 'descriptionLinks': None, 'verified': False, 'created': '2022-08-10 21:37:29+00:00', 'followersCount': 66, 'friendsCount': 161, 'statusesCount': 3082, 'favouritesCount': 4213, 'listedCount': 0, 'mediaCount': 14, 'location': 'Mes tweets n‚Äôengagent que moi.', 'protected': None, 'link': None, 'profileImageUrl': 'https://pbs.twimg.com/profile_images/1634896499296333824/lI1m-9_z_normal.jpg', 'profileBannerUrl': 'https://pbs.twimg.com/profile_banners/1557480363123003392/1678105157', 'label': None}",1.0,0.0,1.0,0.0,1.64678737740954e+18,fr,,,,,1646787377409540096,https://twitter.com/MathieuMlefevre,['https://twitter.com/MathieuMlefevre'],,,,,,47.0,2023-10-09 15:37:25.999,1646859565789577218,,
